{"stat.walkOneCm":21113,"stat.useItem.unuparts.unuparts_vehicle_unu_frame_u":1,"stat.leaveGame":1,"stat.pickup.minecraft.bread":1,"stat.pickup.unuparts.unuparts_vehicle_unu_frame_c":2,"stat.pickup.unuparts.unuparts_vehicle_unu_frame_b":1,"stat.pickup.unuparts.unuparts_vehicle_unu_frame_a":1,"stat.pickup.unuparts.unuparts_part_unu_luggage_2":1,"stat.pickup.minecraft.cobblestone":17,"stat.talkedToVillager":1,"stat.pickup.minecraft.planks":9,"stat.pickup.minecraft.log":6,"stat.useItem.turbosrandomvehicles.chevron_blue":3,"stat.flyOneCm":17872,"stat.pickup.unuparts.unuparts_vehicle_unu_frame_u":1,"stat.pickup.minecraft.diamond":2,"stat.jump":33,"stat.pickup.minecraft.fence":2,"stat.playOneMinute":73229,"stat.pickup.turbosrandomvehicles.chevron_blue":3,"stat.pickup.turbosparts.chevron_roof_white":1,"stat.sneakTime":1004,"stat.useItem.unuparts.unuparts_vehicle_unu_frame_a":1,"stat.useItem.unuparts.unuparts_vehicle_unu_frame_b":1,"stat.damageDealt":30,"stat.crouchOneCm":2277,"stat.pickup.turbosparts.chevron_wheel":3,"stat.timeSinceDeath":73229,"stat.useItem.unuparts.unuparts_vehicle_unu_frame_c":2,"stat.pickup.unuparts.unuparts_part_unu_engine_h6":1,"stat.pickup.minecraft.stone_slab":2,"stat.useItem.minecraft.spawn_egg":6,"stat.useItem.minecraft.stone_slab2":1,"stat.pickup.minecraft.apple":2,"stat.useItem.minecraft.fence":3,"stat.pickup.minecraft.iron_boots":1,"stat.pickup.minecraft.chest":1,"stat.pickup.minecraft.gold_ingot":5}