{"stat.pickup.minecraft.log":4,"stat.useItem.turbosrandomvehicles.chevron_blue":1,"stat.flyOneCm":395,"stat.walkOneCm":3379,"stat.playOneMinute":44232,"stat.pickup.turbosrandomvehicles.chevron_blue":1,"stat.sneakTime":239,"stat.craftItem.minecraft.stone_slab2":0,"stat.craftItem.minecraft.emerald":14,"stat.damageDealt":30,"stat.crouchOneCm":584,"stat.timeSinceDeath":44232,"stat.tradedWithVillager":14,"stat.pickup.minecraft.wooden_door":1,"stat.talkedToVillager":2,"stat.pickup.minecraft.planks":5}